MESH(mm),Equivalent Elastic Strain
0.4,0.006595
0.39,0.00749
0.38,0.006909
0.37,0.007234
0.36,0.007234
0.35,0.007346001
0.34,0.006961
0.33,0.007895